SignatureTime	PrioritizationTime	APFD	TimeToDetect
9.366506	0.296108	0.998795180723	11.025
9.366506	0.296108	0.801204819277	8.818
9.366506	0.296108	0.0614457831325	68.473
9.366506	0.296108	0.622891566265	18.489
9.366506	0.296108	0.85421686747	8.091
9.366506	0.296108	0.393975903614	23.702
9.366506	0.296108	0.461445783133	22.372
9.366506	0.296108	0.0	0
9.366506	0.296108	0.63734939759	17.792
9.366506	0.296108	0.986746987952	0.814
9.366506	0.296108	0.79156626506	9.117
9.366506	0.296108	0.806024096386	8.804
9.366506	0.296108	0.324096385542	28.689
9.366506	0.296108	0.721686746988	10.711
9.366506	0.296108	0.066265060241	68.456
9.366506	0.296108	0.066265060241	68.456
9.366506	0.296108	0.0253012048193	76.636
9.366506	0.296108	0.00602409638554	106.027
9.366506	0.296108	0.00602409638554	106.027
9.366506	0.296108	0.00602409638554	106.027
9.366506	0.296108	0.540963855422	19.3
9.366506	0.296108	0.80843373494	8.614
9.366506	0.296108	0.302409638554	29.571
9.366506	0.296108	0.302409638554	29.571
9.366506	0.296108	0.326506024096	24.358
9.366506	0.296108	0.998795180723	11.061
9.366506	0.296108	0.998795180723	11.061
9.366506	0.296108	0.309638554217	29.558
9.366506	0.296108	0.528915662651	20.074
9.366506	0.296108	0.114457831325	59.194
9.366506	0.296108	0.822891566265	8.418
9.366506	0.296108	0.632530120482	17.842
9.366506	0.296108	0.309638554217	29.558
9.366506	0.296108	0.671084337349	14.428
9.366506	0.135018	0.702409638554	11.025
9.366506	0.135018	0.801204819277	8.818
9.366506	0.135018	0.0614457831325	68.473
9.366506	0.135018	0.620481927711	18.489
9.366506	0.135018	0.851807228916	8.091
9.366506	0.135018	0.39156626506	23.702
9.366506	0.135018	0.459036144578	22.372
9.366506	0.135018	0.0	0
9.366506	0.135018	0.634939759036	17.792
9.366506	0.135018	0.986746987952	0.814
9.366506	0.135018	0.79156626506	9.117
9.366506	0.135018	0.806024096386	8.804
9.366506	0.135018	0.321686746988	28.689
9.366506	0.135018	0.721686746988	10.711
9.366506	0.135018	0.066265060241	68.456
9.366506	0.135018	0.066265060241	68.456
9.366506	0.135018	0.0253012048193	76.636
9.366506	0.135018	0.00602409638554	106.027
9.366506	0.135018	0.00602409638554	106.027
9.366506	0.135018	0.00602409638554	106.027
9.366506	0.135018	0.538554216867	19.3
9.366506	0.135018	0.80843373494	8.614
9.366506	0.135018	0.3	29.571
9.366506	0.135018	0.3	29.571
9.366506	0.135018	0.324096385542	24.358
9.366506	0.135018	0.695180722892	11.061
9.366506	0.135018	0.695180722892	11.061
9.366506	0.135018	0.307228915663	29.558
9.366506	0.135018	0.526506024096	20.074
9.366506	0.135018	0.114457831325	59.194
9.366506	0.135018	0.822891566265	8.418
9.366506	0.135018	0.630120481928	17.842
9.366506	0.135018	0.307228915663	29.558
9.366506	0.135018	0.668674698795	14.428
9.366506	0.134895	0.704819277108	11.025
9.366506	0.134895	0.803614457831	8.818
9.366506	0.134895	0.0614457831325	68.473
9.366506	0.134895	0.622891566265	18.489
9.366506	0.134895	0.851807228916	8.091
9.366506	0.134895	0.393975903614	23.702
9.366506	0.134895	0.461445783133	22.372
9.366506	0.134895	0.0	0
9.366506	0.134895	0.63734939759	17.792
9.366506	0.134895	0.984337349398	0.814
9.366506	0.134895	0.793975903614	9.117
9.366506	0.134895	0.80843373494	8.804
9.366506	0.134895	0.324096385542	28.689
9.366506	0.134895	0.724096385542	10.711
9.366506	0.134895	0.066265060241	68.456
9.366506	0.134895	0.066265060241	68.456
9.366506	0.134895	0.0253012048193	76.636
9.366506	0.134895	0.00602409638554	106.027
9.366506	0.134895	0.00602409638554	106.027
9.366506	0.134895	0.00602409638554	106.027
9.366506	0.134895	0.540963855422	19.3
9.366506	0.134895	0.810843373494	8.614
9.366506	0.134895	0.302409638554	29.571
9.366506	0.134895	0.302409638554	29.571
9.366506	0.134895	0.326506024096	24.358
9.366506	0.134895	0.697590361446	11.061
9.366506	0.134895	0.697590361446	11.061
9.366506	0.134895	0.309638554217	29.558
9.366506	0.134895	0.528915662651	20.074
9.366506	0.134895	0.114457831325	59.194
9.366506	0.134895	0.825301204819	8.418
9.366506	0.134895	0.632530120482	17.842
9.366506	0.134895	0.309638554217	29.558
9.366506	0.134895	0.671084337349	14.428
9.366506	0.135631	0.702409638554	11.025
9.366506	0.135631	0.801204819277	8.818
9.366506	0.135631	0.0614457831325	68.473
9.366506	0.135631	0.620481927711	18.489
9.366506	0.135631	0.849397590361	8.091
9.366506	0.135631	0.393975903614	23.702
9.366506	0.135631	0.461445783133	22.372
9.366506	0.135631	0.0	0
9.366506	0.135631	0.634939759036	17.792
9.366506	0.135631	0.984337349398	0.814
9.366506	0.135631	0.79156626506	9.117
9.366506	0.135631	0.806024096386	8.804
9.366506	0.135631	0.324096385542	28.689
9.366506	0.135631	0.721686746988	10.711
9.366506	0.135631	0.066265060241	68.456
9.366506	0.135631	0.066265060241	68.456
9.366506	0.135631	0.0253012048193	76.636
9.366506	0.135631	0.00602409638554	106.027
9.366506	0.135631	0.00602409638554	106.027
9.366506	0.135631	0.00602409638554	106.027
9.366506	0.135631	0.540963855422	19.3
9.366506	0.135631	0.80843373494	8.614
9.366506	0.135631	0.302409638554	29.571
9.366506	0.135631	0.302409638554	29.571
9.366506	0.135631	0.326506024096	24.358
9.366506	0.135631	0.695180722892	11.061
9.366506	0.135631	0.695180722892	11.061
9.366506	0.135631	0.309638554217	29.558
9.366506	0.135631	0.528915662651	20.074
9.366506	0.135631	0.114457831325	59.194
9.366506	0.135631	0.822891566265	8.418
9.366506	0.135631	0.630120481928	17.842
9.366506	0.135631	0.309638554217	29.558
9.366506	0.135631	0.668674698795	14.428
9.366506	0.133084	0.702409638554	11.025
9.366506	0.133084	0.801204819277	8.818
9.366506	0.133084	0.0614457831325	68.473
9.366506	0.133084	0.620481927711	18.489
9.366506	0.133084	0.851807228916	8.091
9.366506	0.133084	0.39156626506	23.702
9.366506	0.133084	0.459036144578	22.372
9.366506	0.133084	0.0	0
9.366506	0.133084	0.634939759036	17.792
9.366506	0.133084	0.986746987952	0.814
9.366506	0.133084	0.79156626506	9.117
9.366506	0.133084	0.806024096386	8.804
9.366506	0.133084	0.324096385542	28.689
9.366506	0.133084	0.721686746988	10.711
9.366506	0.133084	0.066265060241	68.456
9.366506	0.133084	0.066265060241	68.456
9.366506	0.133084	0.0253012048193	76.636
9.366506	0.133084	0.00602409638554	106.027
9.366506	0.133084	0.00602409638554	106.027
9.366506	0.133084	0.00602409638554	106.027
9.366506	0.133084	0.538554216867	19.3
9.366506	0.133084	0.80843373494	8.614
9.366506	0.133084	0.302409638554	29.571
9.366506	0.133084	0.302409638554	29.571
9.366506	0.133084	0.326506024096	24.358
9.366506	0.133084	0.695180722892	11.061
9.366506	0.133084	0.695180722892	11.061
9.366506	0.133084	0.309638554217	29.558
9.366506	0.133084	0.526506024096	20.074
9.366506	0.133084	0.114457831325	59.194
9.366506	0.133084	0.822891566265	8.418
9.366506	0.133084	0.630120481928	17.842
9.366506	0.133084	0.309638554217	29.558
9.366506	0.133084	0.668674698795	14.428
9.366506	0.131717	0.702409638554	11.025
9.366506	0.131717	0.801204819277	8.818
9.366506	0.131717	0.0614457831325	68.473
9.366506	0.131717	0.620481927711	18.489
9.366506	0.131717	0.849397590361	8.091
9.366506	0.131717	0.393975903614	23.702
9.366506	0.131717	0.461445783133	22.372
9.366506	0.131717	0.0	0
9.366506	0.131717	0.634939759036	17.792
9.366506	0.131717	0.984337349398	0.814
9.366506	0.131717	0.79156626506	9.117
9.366506	0.131717	0.806024096386	8.804
9.366506	0.131717	0.324096385542	28.689
9.366506	0.131717	0.721686746988	10.711
9.366506	0.131717	0.066265060241	68.456
9.366506	0.131717	0.066265060241	68.456
9.366506	0.131717	0.0253012048193	76.636
9.366506	0.131717	0.00602409638554	106.027
9.366506	0.131717	0.00602409638554	106.027
9.366506	0.131717	0.00602409638554	106.027
9.366506	0.131717	0.538554216867	19.3
9.366506	0.131717	0.80843373494	8.614
9.366506	0.131717	0.302409638554	29.571
9.366506	0.131717	0.302409638554	29.571
9.366506	0.131717	0.326506024096	24.358
9.366506	0.131717	0.695180722892	11.061
9.366506	0.131717	0.695180722892	11.061
9.366506	0.131717	0.309638554217	29.558
9.366506	0.131717	0.526506024096	20.074
9.366506	0.131717	0.114457831325	59.194
9.366506	0.131717	0.822891566265	8.418
9.366506	0.131717	0.630120481928	17.842
9.366506	0.131717	0.309638554217	29.558
9.366506	0.131717	0.668674698795	14.428
9.366506	0.132122	0.702409638554	11.025
9.366506	0.132122	0.801204819277	8.818
9.366506	0.132122	0.0590361445783	68.473
9.366506	0.132122	0.620481927711	18.489
9.366506	0.132122	0.85421686747	8.091
9.366506	0.132122	0.39156626506	23.702
9.366506	0.132122	0.459036144578	22.372
9.366506	0.132122	0.0	0
9.366506	0.132122	0.634939759036	17.792
9.366506	0.132122	0.986746987952	0.814
9.366506	0.132122	0.79156626506	9.117
9.366506	0.132122	0.806024096386	8.804
9.366506	0.132122	0.321686746988	28.689
9.366506	0.132122	0.721686746988	10.711
9.366506	0.132122	0.0638554216867	68.456
9.366506	0.132122	0.0638554216867	68.456
9.366506	0.132122	0.0253012048193	76.636
9.366506	0.132122	0.00602409638554	106.027
9.366506	0.132122	0.00602409638554	106.027
9.366506	0.132122	0.00602409638554	106.027
9.366506	0.132122	0.538554216867	19.3
9.366506	0.132122	0.80843373494	8.614
9.366506	0.132122	0.3	29.571
9.366506	0.132122	0.3	29.571
9.366506	0.132122	0.324096385542	24.358
9.366506	0.132122	0.695180722892	11.061
9.366506	0.132122	0.695180722892	11.061
9.366506	0.132122	0.307228915663	29.558
9.366506	0.132122	0.526506024096	20.074
9.366506	0.132122	0.112048192771	59.194
9.366506	0.132122	0.822891566265	8.418
9.366506	0.132122	0.630120481928	17.842
9.366506	0.132122	0.307228915663	29.558
9.366506	0.132122	0.668674698795	14.428
9.366506	0.135839	0.704819277108	11.025
9.366506	0.135839	0.803614457831	8.818
9.366506	0.135839	0.0614457831325	68.473
9.366506	0.135839	0.622891566265	18.489
9.366506	0.135839	0.851807228916	8.091
9.366506	0.135839	0.393975903614	23.702
9.366506	0.135839	0.461445783133	22.372
9.366506	0.135839	0.0	0
9.366506	0.135839	0.63734939759	17.792
9.366506	0.135839	0.984337349398	0.814
9.366506	0.135839	0.793975903614	9.117
9.366506	0.135839	0.80843373494	8.804
9.366506	0.135839	0.324096385542	28.689
9.366506	0.135839	0.724096385542	10.711
9.366506	0.135839	0.066265060241	68.456
9.366506	0.135839	0.066265060241	68.456
9.366506	0.135839	0.0253012048193	76.636
9.366506	0.135839	0.00602409638554	106.027
9.366506	0.135839	0.00602409638554	106.027
9.366506	0.135839	0.00602409638554	106.027
9.366506	0.135839	0.540963855422	19.3
9.366506	0.135839	0.810843373494	8.614
9.366506	0.135839	0.302409638554	29.571
9.366506	0.135839	0.302409638554	29.571
9.366506	0.135839	0.326506024096	24.358
9.366506	0.135839	0.697590361446	11.061
9.366506	0.135839	0.697590361446	11.061
9.366506	0.135839	0.309638554217	29.558
9.366506	0.135839	0.528915662651	20.074
9.366506	0.135839	0.114457831325	59.194
9.366506	0.135839	0.825301204819	8.418
9.366506	0.135839	0.632530120482	17.842
9.366506	0.135839	0.309638554217	29.558
9.366506	0.135839	0.671084337349	14.428
9.366506	0.133232	0.702409638554	11.025
9.366506	0.133232	0.801204819277	8.818
9.366506	0.133232	0.0614457831325	68.473
9.366506	0.133232	0.620481927711	18.489
9.366506	0.133232	0.851807228916	8.091
9.366506	0.133232	0.39156626506	23.702
9.366506	0.133232	0.459036144578	22.372
9.366506	0.133232	0.0	0
9.366506	0.133232	0.634939759036	17.792
9.366506	0.133232	0.986746987952	0.814
9.366506	0.133232	0.79156626506	9.117
9.366506	0.133232	0.806024096386	8.804
9.366506	0.133232	0.321686746988	28.689
9.366506	0.133232	0.721686746988	10.711
9.366506	0.133232	0.998795180723	68.456
9.366506	0.133232	0.998795180723	68.456
9.366506	0.133232	0.0253012048193	76.636
9.366506	0.133232	0.00602409638554	106.027
9.366506	0.133232	0.00602409638554	106.027
9.366506	0.133232	0.00602409638554	106.027
9.366506	0.133232	0.538554216867	19.3
9.366506	0.133232	0.80843373494	8.614
9.366506	0.133232	0.3	29.571
9.366506	0.133232	0.3	29.571
9.366506	0.133232	0.324096385542	24.358
9.366506	0.133232	0.695180722892	11.061
9.366506	0.133232	0.695180722892	11.061
9.366506	0.133232	0.307228915663	29.558
9.366506	0.133232	0.526506024096	20.074
9.366506	0.133232	0.112048192771	59.194
9.366506	0.133232	0.822891566265	8.418
9.366506	0.133232	0.630120481928	17.842
9.366506	0.133232	0.307228915663	29.558
9.366506	0.133232	0.668674698795	14.428
9.366506	0.134215	0.702409638554	11.025
9.366506	0.134215	0.801204819277	8.818
9.366506	0.134215	0.0614457831325	68.473
9.366506	0.134215	0.620481927711	18.489
9.366506	0.134215	0.849397590361	8.091
9.366506	0.134215	0.39156626506	23.702
9.366506	0.134215	0.459036144578	22.372
9.366506	0.134215	0.0	0
9.366506	0.134215	0.634939759036	17.792
9.366506	0.134215	0.984337349398	0.814
9.366506	0.134215	0.79156626506	9.117
9.366506	0.134215	0.806024096386	8.804
9.366506	0.134215	0.321686746988	28.689
9.366506	0.134215	0.721686746988	10.711
9.366506	0.134215	0.066265060241	68.456
9.366506	0.134215	0.066265060241	68.456
9.366506	0.134215	0.0253012048193	76.636
9.366506	0.134215	0.00602409638554	106.027
9.366506	0.134215	0.00602409638554	106.027
9.366506	0.134215	0.00602409638554	106.027
9.366506	0.134215	0.538554216867	19.3
9.366506	0.134215	0.80843373494	8.614
9.366506	0.134215	0.3	29.571
9.366506	0.134215	0.3	29.571
9.366506	0.134215	0.324096385542	24.358
9.366506	0.134215	0.695180722892	11.061
9.366506	0.134215	0.695180722892	11.061
9.366506	0.134215	0.307228915663	29.558
9.366506	0.134215	0.526506024096	20.074
9.366506	0.134215	0.114457831325	59.194
9.366506	0.134215	0.822891566265	8.418
9.366506	0.134215	0.630120481928	17.842
9.366506	0.134215	0.307228915663	29.558
9.366506	0.134215	0.668674698795	14.428
9.366506	0.134802	0.702409638554	11.025
9.366506	0.134802	0.801204819277	8.818
9.366506	0.134802	0.0614457831325	68.473
9.366506	0.134802	0.620481927711	18.489
9.366506	0.134802	0.851807228916	8.091
9.366506	0.134802	0.39156626506	23.702
9.366506	0.134802	0.459036144578	22.372
9.366506	0.134802	0.0	0
9.366506	0.134802	0.634939759036	17.792
9.366506	0.134802	0.986746987952	0.814
9.366506	0.134802	0.79156626506	9.117
9.366506	0.134802	0.806024096386	8.804
9.366506	0.134802	0.321686746988	28.689
9.366506	0.134802	0.721686746988	10.711
9.366506	0.134802	0.066265060241	68.456
9.366506	0.134802	0.066265060241	68.456
9.366506	0.134802	0.0253012048193	76.636
9.366506	0.134802	0.00602409638554	106.027
9.366506	0.134802	0.00602409638554	106.027
9.366506	0.134802	0.00602409638554	106.027
9.366506	0.134802	0.538554216867	19.3
9.366506	0.134802	0.80843373494	8.614
9.366506	0.134802	0.3	29.571
9.366506	0.134802	0.3	29.571
9.366506	0.134802	0.324096385542	24.358
9.366506	0.134802	0.695180722892	11.061
9.366506	0.134802	0.695180722892	11.061
9.366506	0.134802	0.307228915663	29.558
9.366506	0.134802	0.526506024096	20.074
9.366506	0.134802	0.114457831325	59.194
9.366506	0.134802	0.822891566265	8.418
9.366506	0.134802	0.630120481928	17.842
9.366506	0.134802	0.307228915663	29.558
9.366506	0.134802	0.668674698795	14.428
9.366506	0.133975	0.704819277108	11.025
9.366506	0.133975	0.801204819277	8.818
9.366506	0.133975	0.0614457831325	68.473
9.366506	0.133975	0.622891566265	18.489
9.366506	0.133975	0.851807228916	8.091
9.366506	0.133975	0.393975903614	23.702
9.366506	0.133975	0.461445783133	22.372
9.366506	0.133975	0.0	0
9.366506	0.133975	0.63734939759	17.792
9.366506	0.133975	0.996385542169	0.814
9.366506	0.133975	0.79156626506	9.117
9.366506	0.133975	0.806024096386	8.804
9.366506	0.133975	0.324096385542	28.689
9.366506	0.133975	0.724096385542	10.711
9.366506	0.133975	0.066265060241	68.456
9.366506	0.133975	0.066265060241	68.456
9.366506	0.133975	0.0253012048193	76.636
9.366506	0.133975	0.00602409638554	106.027
9.366506	0.133975	0.00602409638554	106.027
9.366506	0.133975	0.00602409638554	106.027
9.366506	0.133975	0.540963855422	19.3
9.366506	0.133975	0.80843373494	8.614
9.366506	0.133975	0.302409638554	29.571
9.366506	0.133975	0.302409638554	29.571
9.366506	0.133975	0.326506024096	24.358
9.366506	0.133975	0.697590361446	11.061
9.366506	0.133975	0.697590361446	11.061
9.366506	0.133975	0.309638554217	29.558
9.366506	0.133975	0.528915662651	20.074
9.366506	0.133975	0.114457831325	59.194
9.366506	0.133975	0.822891566265	8.418
9.366506	0.133975	0.632530120482	17.842
9.366506	0.133975	0.309638554217	29.558
9.366506	0.133975	0.671084337349	14.428
9.366506	0.133992	0.702409638554	11.025
9.366506	0.133992	0.801204819277	8.818
9.366506	0.133992	0.998795180723	68.473
9.366506	0.133992	0.620481927711	18.489
9.366506	0.133992	0.851807228916	8.091
9.366506	0.133992	0.39156626506	23.702
9.366506	0.133992	0.459036144578	22.372
9.366506	0.133992	0.0	0
9.366506	0.133992	0.634939759036	17.792
9.366506	0.133992	0.989156626506	0.814
9.366506	0.133992	0.79156626506	9.117
9.366506	0.133992	0.806024096386	8.804
9.366506	0.133992	0.321686746988	28.689
9.366506	0.133992	0.721686746988	10.711
9.366506	0.133992	0.0638554216867	68.456
9.366506	0.133992	0.0638554216867	68.456
9.366506	0.133992	0.0253012048193	76.636
9.366506	0.133992	0.00602409638554	106.027
9.366506	0.133992	0.00602409638554	106.027
9.366506	0.133992	0.00602409638554	106.027
9.366506	0.133992	0.538554216867	19.3
9.366506	0.133992	0.80843373494	8.614
9.366506	0.133992	0.3	29.571
9.366506	0.133992	0.3	29.571
9.366506	0.133992	0.324096385542	24.358
9.366506	0.133992	0.695180722892	11.061
9.366506	0.133992	0.695180722892	11.061
9.366506	0.133992	0.307228915663	29.558
9.366506	0.133992	0.526506024096	20.074
9.366506	0.133992	0.112048192771	59.194
9.366506	0.133992	0.822891566265	8.418
9.366506	0.133992	0.630120481928	17.842
9.366506	0.133992	0.307228915663	29.558
9.366506	0.133992	0.668674698795	14.428
9.366506	0.135767	0.702409638554	11.025
9.366506	0.135767	0.801204819277	8.818
9.366506	0.135767	0.0614457831325	68.473
9.366506	0.135767	0.620481927711	18.489
9.366506	0.135767	0.849397590361	8.091
9.366506	0.135767	0.39156626506	23.702
9.366506	0.135767	0.459036144578	22.372
9.366506	0.135767	0.0	0
9.366506	0.135767	0.634939759036	17.792
9.366506	0.135767	0.984337349398	0.814
9.366506	0.135767	0.79156626506	9.117
9.366506	0.135767	0.806024096386	8.804
9.366506	0.135767	0.321686746988	28.689
9.366506	0.135767	0.721686746988	10.711
9.366506	0.135767	0.066265060241	68.456
9.366506	0.135767	0.066265060241	68.456
9.366506	0.135767	0.0253012048193	76.636
9.366506	0.135767	0.00602409638554	106.027
9.366506	0.135767	0.00602409638554	106.027
9.366506	0.135767	0.00602409638554	106.027
9.366506	0.135767	0.538554216867	19.3
9.366506	0.135767	0.80843373494	8.614
9.366506	0.135767	0.3	29.571
9.366506	0.135767	0.3	29.571
9.366506	0.135767	0.324096385542	24.358
9.366506	0.135767	0.695180722892	11.061
9.366506	0.135767	0.695180722892	11.061
9.366506	0.135767	0.307228915663	29.558
9.366506	0.135767	0.526506024096	20.074
9.366506	0.135767	0.114457831325	59.194
9.366506	0.135767	0.822891566265	8.418
9.366506	0.135767	0.630120481928	17.842
9.366506	0.135767	0.307228915663	29.558
9.366506	0.135767	0.668674698795	14.428
9.366506	0.133205	0.702409638554	11.025
9.366506	0.133205	0.801204819277	8.818
9.366506	0.133205	0.0614457831325	68.473
9.366506	0.133205	0.620481927711	18.489
9.366506	0.133205	0.849397590361	8.091
9.366506	0.133205	0.39156626506	23.702
9.366506	0.133205	0.459036144578	22.372
9.366506	0.133205	0.0	0
9.366506	0.133205	0.634939759036	17.792
9.366506	0.133205	0.986746987952	0.814
9.366506	0.133205	0.789156626506	9.117
9.366506	0.133205	0.806024096386	8.804
9.366506	0.133205	0.321686746988	28.689
9.366506	0.133205	0.721686746988	10.711
9.366506	0.133205	0.066265060241	68.456
9.366506	0.133205	0.066265060241	68.456
9.366506	0.133205	0.0253012048193	76.636
9.366506	0.133205	0.00602409638554	106.027
9.366506	0.133205	0.00602409638554	106.027
9.366506	0.133205	0.00602409638554	106.027
9.366506	0.133205	0.538554216867	19.3
9.366506	0.133205	0.80843373494	8.614
9.366506	0.133205	0.3	29.571
9.366506	0.133205	0.3	29.571
9.366506	0.133205	0.324096385542	24.358
9.366506	0.133205	0.695180722892	11.061
9.366506	0.133205	0.695180722892	11.061
9.366506	0.133205	0.307228915663	29.558
9.366506	0.133205	0.526506024096	20.074
9.366506	0.133205	0.114457831325	59.194
9.366506	0.133205	0.822891566265	8.418
9.366506	0.133205	0.630120481928	17.842
9.366506	0.133205	0.307228915663	29.558
9.366506	0.133205	0.668674698795	14.428
9.366506	0.134128	0.704819277108	11.025
9.366506	0.134128	0.803614457831	8.818
9.366506	0.134128	0.0614457831325	68.473
9.366506	0.134128	0.622891566265	18.489
9.366506	0.134128	0.851807228916	8.091
9.366506	0.134128	0.393975903614	23.702
9.366506	0.134128	0.461445783133	22.372
9.366506	0.134128	0.0	0
9.366506	0.134128	0.63734939759	17.792
9.366506	0.134128	0.984337349398	0.814
9.366506	0.134128	0.793975903614	9.117
9.366506	0.134128	0.80843373494	8.804
9.366506	0.134128	0.324096385542	28.689
9.366506	0.134128	0.724096385542	10.711
9.366506	0.134128	0.066265060241	68.456
9.366506	0.134128	0.066265060241	68.456
9.366506	0.134128	0.0253012048193	76.636
9.366506	0.134128	0.00602409638554	106.027
9.366506	0.134128	0.00602409638554	106.027
9.366506	0.134128	0.00602409638554	106.027
9.366506	0.134128	0.540963855422	19.3
9.366506	0.134128	0.810843373494	8.614
9.366506	0.134128	0.302409638554	29.571
9.366506	0.134128	0.302409638554	29.571
9.366506	0.134128	0.326506024096	24.358
9.366506	0.134128	0.697590361446	11.061
9.366506	0.134128	0.697590361446	11.061
9.366506	0.134128	0.309638554217	29.558
9.366506	0.134128	0.528915662651	20.074
9.366506	0.134128	0.114457831325	59.194
9.366506	0.134128	0.825301204819	8.418
9.366506	0.134128	0.632530120482	17.842
9.366506	0.134128	0.309638554217	29.558
9.366506	0.134128	0.671084337349	14.428
9.366506	0.131486	0.702409638554	11.025
9.366506	0.131486	0.801204819277	8.818
9.366506	0.131486	0.0614457831325	68.473
9.366506	0.131486	0.622891566265	18.489
9.366506	0.131486	0.851807228916	8.091
9.366506	0.131486	0.393975903614	23.702
9.366506	0.131486	0.461445783133	22.372
9.366506	0.131486	0.0	0
9.366506	0.131486	0.63734939759	17.792
9.366506	0.131486	0.996385542169	0.814
9.366506	0.131486	0.79156626506	9.117
9.366506	0.131486	0.806024096386	8.804
9.366506	0.131486	0.324096385542	28.689
9.366506	0.131486	0.721686746988	10.711
9.366506	0.131486	0.066265060241	68.456
9.366506	0.131486	0.066265060241	68.456
9.366506	0.131486	0.0253012048193	76.636
9.366506	0.131486	0.00602409638554	106.027
9.366506	0.131486	0.00602409638554	106.027
9.366506	0.131486	0.00602409638554	106.027
9.366506	0.131486	0.540963855422	19.3
9.366506	0.131486	0.80843373494	8.614
9.366506	0.131486	0.302409638554	29.571
9.366506	0.131486	0.302409638554	29.571
9.366506	0.131486	0.326506024096	24.358
9.366506	0.131486	0.695180722892	11.061
9.366506	0.131486	0.695180722892	11.061
9.366506	0.131486	0.309638554217	29.558
9.366506	0.131486	0.528915662651	20.074
9.366506	0.131486	0.114457831325	59.194
9.366506	0.131486	0.822891566265	8.418
9.366506	0.131486	0.632530120482	17.842
9.366506	0.131486	0.309638554217	29.558
9.366506	0.131486	0.671084337349	14.428
9.366506	0.133443	0.702409638554	11.025
9.366506	0.133443	0.801204819277	8.818
9.366506	0.133443	0.0614457831325	68.473
9.366506	0.133443	0.620481927711	18.489
9.366506	0.133443	0.996385542169	8.091
9.366506	0.133443	0.393975903614	23.702
9.366506	0.133443	0.461445783133	22.372
9.366506	0.133443	0.0	0
9.366506	0.133443	0.634939759036	17.792
9.366506	0.133443	0.986746987952	0.814
9.366506	0.133443	0.79156626506	9.117
9.366506	0.133443	0.806024096386	8.804
9.366506	0.133443	0.324096385542	28.689
9.366506	0.133443	0.721686746988	10.711
9.366506	0.133443	0.066265060241	68.456
9.366506	0.133443	0.066265060241	68.456
9.366506	0.133443	0.0253012048193	76.636
9.366506	0.133443	0.00602409638554	106.027
9.366506	0.133443	0.00602409638554	106.027
9.366506	0.133443	0.00602409638554	106.027
9.366506	0.133443	0.540963855422	19.3
9.366506	0.133443	0.80843373494	8.614
9.366506	0.133443	0.302409638554	29.571
9.366506	0.133443	0.302409638554	29.571
9.366506	0.133443	0.326506024096	24.358
9.366506	0.133443	0.695180722892	11.061
9.366506	0.133443	0.695180722892	11.061
9.366506	0.133443	0.309638554217	29.558
9.366506	0.133443	0.528915662651	20.074
9.366506	0.133443	0.114457831325	59.194
9.366506	0.133443	0.822891566265	8.418
9.366506	0.133443	0.630120481928	17.842
9.366506	0.133443	0.309638554217	29.558
9.366506	0.133443	0.668674698795	14.428
9.366506	0.134698	0.704819277108	11.025
9.366506	0.134698	0.803614457831	8.818
9.366506	0.134698	0.0614457831325	68.473
9.366506	0.134698	0.622891566265	18.489
9.366506	0.134698	0.849397590361	8.091
9.366506	0.134698	0.393975903614	23.702
9.366506	0.134698	0.461445783133	22.372
9.366506	0.134698	0.0	0
9.366506	0.134698	0.63734939759	17.792
9.366506	0.134698	0.984337349398	0.814
9.366506	0.134698	0.793975903614	9.117
9.366506	0.134698	0.80843373494	8.804
9.366506	0.134698	0.324096385542	28.689
9.366506	0.134698	0.724096385542	10.711
9.366506	0.134698	0.066265060241	68.456
9.366506	0.134698	0.066265060241	68.456
9.366506	0.134698	0.0253012048193	76.636
9.366506	0.134698	0.00602409638554	106.027
9.366506	0.134698	0.00602409638554	106.027
9.366506	0.134698	0.00602409638554	106.027
9.366506	0.134698	0.540963855422	19.3
9.366506	0.134698	0.810843373494	8.614
9.366506	0.134698	0.302409638554	29.571
9.366506	0.134698	0.302409638554	29.571
9.366506	0.134698	0.326506024096	24.358
9.366506	0.134698	0.697590361446	11.061
9.366506	0.134698	0.697590361446	11.061
9.366506	0.134698	0.309638554217	29.558
9.366506	0.134698	0.528915662651	20.074
9.366506	0.134698	0.114457831325	59.194
9.366506	0.134698	0.822891566265	8.418
9.366506	0.134698	0.632530120482	17.842
9.366506	0.134698	0.309638554217	29.558
9.366506	0.134698	0.671084337349	14.428
9.366506	0.133912	0.702409638554	11.025
9.366506	0.133912	0.801204819277	8.818
9.366506	0.133912	0.0614457831325	68.473
9.366506	0.133912	0.620481927711	18.489
9.366506	0.133912	0.849397590361	8.091
9.366506	0.133912	0.393975903614	23.702
9.366506	0.133912	0.459036144578	22.372
9.366506	0.133912	0.0	0
9.366506	0.133912	0.634939759036	17.792
9.366506	0.133912	0.984337349398	0.814
9.366506	0.133912	0.79156626506	9.117
9.366506	0.133912	0.806024096386	8.804
9.366506	0.133912	0.324096385542	28.689
9.366506	0.133912	0.721686746988	10.711
9.366506	0.133912	0.066265060241	68.456
9.366506	0.133912	0.066265060241	68.456
9.366506	0.133912	0.0253012048193	76.636
9.366506	0.133912	0.00602409638554	106.027
9.366506	0.133912	0.00602409638554	106.027
9.366506	0.133912	0.00602409638554	106.027
9.366506	0.133912	0.538554216867	19.3
9.366506	0.133912	0.80843373494	8.614
9.366506	0.133912	0.302409638554	29.571
9.366506	0.133912	0.302409638554	29.571
9.366506	0.133912	0.326506024096	24.358
9.366506	0.133912	0.695180722892	11.061
9.366506	0.133912	0.695180722892	11.061
9.366506	0.133912	0.309638554217	29.558
9.366506	0.133912	0.526506024096	20.074
9.366506	0.133912	0.114457831325	59.194
9.366506	0.133912	0.822891566265	8.418
9.366506	0.133912	0.630120481928	17.842
9.366506	0.133912	0.309638554217	29.558
9.366506	0.133912	0.668674698795	14.428
9.366506	0.134205	0.702409638554	11.025
9.366506	0.134205	0.801204819277	8.818
9.366506	0.134205	0.0614457831325	68.473
9.366506	0.134205	0.620481927711	18.489
9.366506	0.134205	0.996385542169	8.091
9.366506	0.134205	0.393975903614	23.702
9.366506	0.134205	0.459036144578	22.372
9.366506	0.134205	0.0	0
9.366506	0.134205	0.634939759036	17.792
9.366506	0.134205	0.986746987952	0.814
9.366506	0.134205	0.79156626506	9.117
9.366506	0.134205	0.806024096386	8.804
9.366506	0.134205	0.324096385542	28.689
9.366506	0.134205	0.721686746988	10.711
9.366506	0.134205	0.066265060241	68.456
9.366506	0.134205	0.066265060241	68.456
9.366506	0.134205	0.0253012048193	76.636
9.366506	0.134205	0.00602409638554	106.027
9.366506	0.134205	0.00602409638554	106.027
9.366506	0.134205	0.00602409638554	106.027
9.366506	0.134205	0.538554216867	19.3
9.366506	0.134205	0.80843373494	8.614
9.366506	0.134205	0.302409638554	29.571
9.366506	0.134205	0.302409638554	29.571
9.366506	0.134205	0.326506024096	24.358
9.366506	0.134205	0.695180722892	11.061
9.366506	0.134205	0.695180722892	11.061
9.366506	0.134205	0.309638554217	29.558
9.366506	0.134205	0.526506024096	20.074
9.366506	0.134205	0.114457831325	59.194
9.366506	0.134205	0.822891566265	8.418
9.366506	0.134205	0.630120481928	17.842
9.366506	0.134205	0.309638554217	29.558
9.366506	0.134205	0.668674698795	14.428
9.366506	0.136152	0.704819277108	11.025
9.366506	0.136152	0.803614457831	8.818
9.366506	0.136152	0.0614457831325	68.473
9.366506	0.136152	0.622891566265	18.489
9.366506	0.136152	0.851807228916	8.091
9.366506	0.136152	0.393975903614	23.702
9.366506	0.136152	0.461445783133	22.372
9.366506	0.136152	0.0	0
9.366506	0.136152	0.63734939759	17.792
9.366506	0.136152	0.984337349398	0.814
9.366506	0.136152	0.793975903614	9.117
9.366506	0.136152	0.80843373494	8.804
9.366506	0.136152	0.324096385542	28.689
9.366506	0.136152	0.724096385542	10.711
9.366506	0.136152	0.066265060241	68.456
9.366506	0.136152	0.066265060241	68.456
9.366506	0.136152	0.0253012048193	76.636
9.366506	0.136152	0.00602409638554	106.027
9.366506	0.136152	0.00602409638554	106.027
9.366506	0.136152	0.00602409638554	106.027
9.366506	0.136152	0.540963855422	19.3
9.366506	0.136152	0.810843373494	8.614
9.366506	0.136152	0.302409638554	29.571
9.366506	0.136152	0.302409638554	29.571
9.366506	0.136152	0.326506024096	24.358
9.366506	0.136152	0.697590361446	11.061
9.366506	0.136152	0.697590361446	11.061
9.366506	0.136152	0.309638554217	29.558
9.366506	0.136152	0.528915662651	20.074
9.366506	0.136152	0.114457831325	59.194
9.366506	0.136152	0.825301204819	8.418
9.366506	0.136152	0.632530120482	17.842
9.366506	0.136152	0.309638554217	29.558
9.366506	0.136152	0.671084337349	14.428
9.366506	0.132448	0.998795180723	11.025
9.366506	0.132448	0.801204819277	8.818
9.366506	0.132448	0.0614457831325	68.473
9.366506	0.132448	0.622891566265	18.489
9.366506	0.132448	0.85421686747	8.091
9.366506	0.132448	0.393975903614	23.702
9.366506	0.132448	0.461445783133	22.372
9.366506	0.132448	0.0	0
9.366506	0.132448	0.63734939759	17.792
9.366506	0.132448	0.986746987952	0.814
9.366506	0.132448	0.79156626506	9.117
9.366506	0.132448	0.806024096386	8.804
9.366506	0.132448	0.324096385542	28.689
9.366506	0.132448	0.721686746988	10.711
9.366506	0.132448	0.066265060241	68.456
9.366506	0.132448	0.066265060241	68.456
9.366506	0.132448	0.0253012048193	76.636
9.366506	0.132448	0.00602409638554	106.027
9.366506	0.132448	0.00602409638554	106.027
9.366506	0.132448	0.00602409638554	106.027
9.366506	0.132448	0.540963855422	19.3
9.366506	0.132448	0.80843373494	8.614
9.366506	0.132448	0.302409638554	29.571
9.366506	0.132448	0.302409638554	29.571
9.366506	0.132448	0.326506024096	24.358
9.366506	0.132448	0.998795180723	11.061
9.366506	0.132448	0.998795180723	11.061
9.366506	0.132448	0.309638554217	29.558
9.366506	0.132448	0.528915662651	20.074
9.366506	0.132448	0.114457831325	59.194
9.366506	0.132448	0.822891566265	8.418
9.366506	0.132448	0.632530120482	17.842
9.366506	0.132448	0.309638554217	29.558
9.366506	0.132448	0.671084337349	14.428
9.366506	0.135688	0.704819277108	11.025
9.366506	0.135688	0.803614457831	8.818
9.366506	0.135688	0.0614457831325	68.473
9.366506	0.135688	0.622891566265	18.489
9.366506	0.135688	0.851807228916	8.091
9.366506	0.135688	0.393975903614	23.702
9.366506	0.135688	0.461445783133	22.372
9.366506	0.135688	0.0	0
9.366506	0.135688	0.63734939759	17.792
9.366506	0.135688	0.984337349398	0.814
9.366506	0.135688	0.793975903614	9.117
9.366506	0.135688	0.80843373494	8.804
9.366506	0.135688	0.324096385542	28.689
9.366506	0.135688	0.724096385542	10.711
9.366506	0.135688	0.066265060241	68.456
9.366506	0.135688	0.066265060241	68.456
9.366506	0.135688	0.0253012048193	76.636
9.366506	0.135688	0.00602409638554	106.027
9.366506	0.135688	0.00602409638554	106.027
9.366506	0.135688	0.00602409638554	106.027
9.366506	0.135688	0.540963855422	19.3
9.366506	0.135688	0.810843373494	8.614
9.366506	0.135688	0.302409638554	29.571
9.366506	0.135688	0.302409638554	29.571
9.366506	0.135688	0.326506024096	24.358
9.366506	0.135688	0.697590361446	11.061
9.366506	0.135688	0.697590361446	11.061
9.366506	0.135688	0.309638554217	29.558
9.366506	0.135688	0.528915662651	20.074
9.366506	0.135688	0.114457831325	59.194
9.366506	0.135688	0.825301204819	8.418
9.366506	0.135688	0.632530120482	17.842
9.366506	0.135688	0.309638554217	29.558
9.366506	0.135688	0.671084337349	14.428
9.366506	0.133194	0.702409638554	11.025
9.366506	0.133194	0.801204819277	8.818
9.366506	0.133194	0.0614457831325	68.473
9.366506	0.133194	0.620481927711	18.489
9.366506	0.133194	0.849397590361	8.091
9.366506	0.133194	0.393975903614	23.702
9.366506	0.133194	0.461445783133	22.372
9.366506	0.133194	0.0	0
9.366506	0.133194	0.634939759036	17.792
9.366506	0.133194	0.984337349398	0.814
9.366506	0.133194	0.79156626506	9.117
9.366506	0.133194	0.806024096386	8.804
9.366506	0.133194	0.324096385542	28.689
9.366506	0.133194	0.721686746988	10.711
9.366506	0.133194	0.066265060241	68.456
9.366506	0.133194	0.066265060241	68.456
9.366506	0.133194	0.0253012048193	76.636
9.366506	0.133194	0.00602409638554	106.027
9.366506	0.133194	0.00602409638554	106.027
9.366506	0.133194	0.00602409638554	106.027
9.366506	0.133194	0.538554216867	19.3
9.366506	0.133194	0.80843373494	8.614
9.366506	0.133194	0.302409638554	29.571
9.366506	0.133194	0.302409638554	29.571
9.366506	0.133194	0.326506024096	24.358
9.366506	0.133194	0.695180722892	11.061
9.366506	0.133194	0.695180722892	11.061
9.366506	0.133194	0.309638554217	29.558
9.366506	0.133194	0.526506024096	20.074
9.366506	0.133194	0.114457831325	59.194
9.366506	0.133194	0.822891566265	8.418
9.366506	0.133194	0.630120481928	17.842
9.366506	0.133194	0.309638554217	29.558
9.366506	0.133194	0.668674698795	14.428
9.366506	0.133435	0.702409638554	11.025
9.366506	0.133435	0.801204819277	8.818
9.366506	0.133435	0.0614457831325	68.473
9.366506	0.133435	0.620481927711	18.489
9.366506	0.133435	0.849397590361	8.091
9.366506	0.133435	0.39156626506	23.702
9.366506	0.133435	0.459036144578	22.372
9.366506	0.133435	0.0	0
9.366506	0.133435	0.634939759036	17.792
9.366506	0.133435	0.984337349398	0.814
9.366506	0.133435	0.79156626506	9.117
9.366506	0.133435	0.806024096386	8.804
9.366506	0.133435	0.321686746988	28.689
9.366506	0.133435	0.721686746988	10.711
9.366506	0.133435	0.066265060241	68.456
9.366506	0.133435	0.066265060241	68.456
9.366506	0.133435	0.0253012048193	76.636
9.366506	0.133435	0.00602409638554	106.027
9.366506	0.133435	0.00602409638554	106.027
9.366506	0.133435	0.00602409638554	106.027
9.366506	0.133435	0.538554216867	19.3
9.366506	0.133435	0.80843373494	8.614
9.366506	0.133435	0.3	29.571
9.366506	0.133435	0.3	29.571
9.366506	0.133435	0.324096385542	24.358
9.366506	0.133435	0.695180722892	11.061
9.366506	0.133435	0.695180722892	11.061
9.366506	0.133435	0.307228915663	29.558
9.366506	0.133435	0.526506024096	20.074
9.366506	0.133435	0.114457831325	59.194
9.366506	0.133435	0.822891566265	8.418
9.366506	0.133435	0.630120481928	17.842
9.366506	0.133435	0.307228915663	29.558
9.366506	0.133435	0.668674698795	14.428
9.366506	0.135481	0.702409638554	11.025
9.366506	0.135481	0.801204819277	8.818
9.366506	0.135481	0.0614457831325	68.473
9.366506	0.135481	0.620481927711	18.489
9.366506	0.135481	0.849397590361	8.091
9.366506	0.135481	0.393975903614	23.702
9.366506	0.135481	0.461445783133	22.372
9.366506	0.135481	0.0	0
9.366506	0.135481	0.634939759036	17.792
9.366506	0.135481	0.984337349398	0.814
9.366506	0.135481	0.79156626506	9.117
9.366506	0.135481	0.806024096386	8.804
9.366506	0.135481	0.324096385542	28.689
9.366506	0.135481	0.721686746988	10.711
9.366506	0.135481	0.066265060241	68.456
9.366506	0.135481	0.066265060241	68.456
9.366506	0.135481	0.0253012048193	76.636
9.366506	0.135481	0.00602409638554	106.027
9.366506	0.135481	0.00602409638554	106.027
9.366506	0.135481	0.00602409638554	106.027
9.366506	0.135481	0.538554216867	19.3
9.366506	0.135481	0.80843373494	8.614
9.366506	0.135481	0.302409638554	29.571
9.366506	0.135481	0.302409638554	29.571
9.366506	0.135481	0.326506024096	24.358
9.366506	0.135481	0.695180722892	11.061
9.366506	0.135481	0.695180722892	11.061
9.366506	0.135481	0.309638554217	29.558
9.366506	0.135481	0.526506024096	20.074
9.366506	0.135481	0.114457831325	59.194
9.366506	0.135481	0.822891566265	8.418
9.366506	0.135481	0.630120481928	17.842
9.366506	0.135481	0.309638554217	29.558
9.366506	0.135481	0.668674698795	14.428
9.366506	0.13586	0.702409638554	11.025
9.366506	0.13586	0.801204819277	8.818
9.366506	0.13586	0.0614457831325	68.473
9.366506	0.13586	0.620481927711	18.489
9.366506	0.13586	0.849397590361	8.091
9.366506	0.13586	0.393975903614	23.702
9.366506	0.13586	0.459036144578	22.372
9.366506	0.13586	0.0	0
9.366506	0.13586	0.634939759036	17.792
9.366506	0.13586	0.984337349398	0.814
9.366506	0.13586	0.79156626506	9.117
9.366506	0.13586	0.806024096386	8.804
9.366506	0.13586	0.324096385542	28.689
9.366506	0.13586	0.721686746988	10.711
9.366506	0.13586	0.066265060241	68.456
9.366506	0.13586	0.066265060241	68.456
9.366506	0.13586	0.0253012048193	76.636
9.366506	0.13586	0.00602409638554	106.027
9.366506	0.13586	0.00602409638554	106.027
9.366506	0.13586	0.00602409638554	106.027
9.366506	0.13586	0.538554216867	19.3
9.366506	0.13586	0.80843373494	8.614
9.366506	0.13586	0.302409638554	29.571
9.366506	0.13586	0.302409638554	29.571
9.366506	0.13586	0.326506024096	24.358
9.366506	0.13586	0.695180722892	11.061
9.366506	0.13586	0.695180722892	11.061
9.366506	0.13586	0.309638554217	29.558
9.366506	0.13586	0.526506024096	20.074
9.366506	0.13586	0.114457831325	59.194
9.366506	0.13586	0.822891566265	8.418
9.366506	0.13586	0.630120481928	17.842
9.366506	0.13586	0.309638554217	29.558
9.366506	0.13586	0.668674698795	14.428
9.366506	0.134508	0.702409638554	11.025
9.366506	0.134508	0.801204819277	8.818
9.366506	0.134508	0.0614457831325	68.473
9.366506	0.134508	0.620481927711	18.489
9.366506	0.134508	0.849397590361	8.091
9.366506	0.134508	0.39156626506	23.702
9.366506	0.134508	0.459036144578	22.372
9.366506	0.134508	0.0	0
9.366506	0.134508	0.634939759036	17.792
9.366506	0.134508	0.984337349398	0.814
9.366506	0.134508	0.79156626506	9.117
9.366506	0.134508	0.806024096386	8.804
9.366506	0.134508	0.324096385542	28.689
9.366506	0.134508	0.721686746988	10.711
9.366506	0.134508	0.066265060241	68.456
9.366506	0.134508	0.066265060241	68.456
9.366506	0.134508	0.0253012048193	76.636
9.366506	0.134508	0.00602409638554	106.027
9.366506	0.134508	0.00602409638554	106.027
9.366506	0.134508	0.00602409638554	106.027
9.366506	0.134508	0.538554216867	19.3
9.366506	0.134508	0.80843373494	8.614
9.366506	0.134508	0.302409638554	29.571
9.366506	0.134508	0.302409638554	29.571
9.366506	0.134508	0.326506024096	24.358
9.366506	0.134508	0.695180722892	11.061
9.366506	0.134508	0.695180722892	11.061
9.366506	0.134508	0.309638554217	29.558
9.366506	0.134508	0.526506024096	20.074
9.366506	0.134508	0.114457831325	59.194
9.366506	0.134508	0.822891566265	8.418
9.366506	0.134508	0.630120481928	17.842
9.366506	0.134508	0.309638554217	29.558
9.366506	0.134508	0.668674698795	14.428
9.366506	0.138329	0.702409638554	11.025
9.366506	0.138329	0.801204819277	8.818
9.366506	0.138329	0.0614457831325	68.473
9.366506	0.138329	0.620481927711	18.489
9.366506	0.138329	0.849397590361	8.091
9.366506	0.138329	0.39156626506	23.702
9.366506	0.138329	0.459036144578	22.372
9.366506	0.138329	0.0	0
9.366506	0.138329	0.634939759036	17.792
9.366506	0.138329	0.984337349398	0.814
9.366506	0.138329	0.79156626506	9.117
9.366506	0.138329	0.806024096386	8.804
9.366506	0.138329	0.321686746988	28.689
9.366506	0.138329	0.721686746988	10.711
9.366506	0.138329	0.066265060241	68.456
9.366506	0.138329	0.066265060241	68.456
9.366506	0.138329	0.0253012048193	76.636
9.366506	0.138329	0.00602409638554	106.027
9.366506	0.138329	0.00602409638554	106.027
9.366506	0.138329	0.00602409638554	106.027
9.366506	0.138329	0.538554216867	19.3
9.366506	0.138329	0.80843373494	8.614
9.366506	0.138329	0.3	29.571
9.366506	0.138329	0.3	29.571
9.366506	0.138329	0.324096385542	24.358
9.366506	0.138329	0.695180722892	11.061
9.366506	0.138329	0.695180722892	11.061
9.366506	0.138329	0.307228915663	29.558
9.366506	0.138329	0.526506024096	20.074
9.366506	0.138329	0.114457831325	59.194
9.366506	0.138329	0.822891566265	8.418
9.366506	0.138329	0.630120481928	17.842
9.366506	0.138329	0.307228915663	29.558
9.366506	0.138329	0.668674698795	14.428
9.366506	0.134835	0.998795180723	11.025
9.366506	0.134835	0.801204819277	8.818
9.366506	0.134835	0.0614457831325	68.473
9.366506	0.134835	0.622891566265	18.489
9.366506	0.134835	0.85421686747	8.091
9.366506	0.134835	0.393975903614	23.702
9.366506	0.134835	0.461445783133	22.372
9.366506	0.134835	0.0	0
9.366506	0.134835	0.63734939759	17.792
9.366506	0.134835	0.986746987952	0.814
9.366506	0.134835	0.79156626506	9.117
9.366506	0.134835	0.806024096386	8.804
9.366506	0.134835	0.324096385542	28.689
9.366506	0.134835	0.721686746988	10.711
9.366506	0.134835	0.066265060241	68.456
9.366506	0.134835	0.066265060241	68.456
9.366506	0.134835	0.0253012048193	76.636
9.366506	0.134835	0.00602409638554	106.027
9.366506	0.134835	0.00602409638554	106.027
9.366506	0.134835	0.00602409638554	106.027
9.366506	0.134835	0.540963855422	19.3
9.366506	0.134835	0.80843373494	8.614
9.366506	0.134835	0.302409638554	29.571
9.366506	0.134835	0.302409638554	29.571
9.366506	0.134835	0.326506024096	24.358
9.366506	0.134835	0.697590361446	11.061
9.366506	0.134835	0.697590361446	11.061
9.366506	0.134835	0.309638554217	29.558
9.366506	0.134835	0.528915662651	20.074
9.366506	0.134835	0.114457831325	59.194
9.366506	0.134835	0.822891566265	8.418
9.366506	0.134835	0.632530120482	17.842
9.366506	0.134835	0.309638554217	29.558
9.366506	0.134835	0.671084337349	14.428
9.366506	0.134854	0.702409638554	11.025
9.366506	0.134854	0.801204819277	8.818
9.366506	0.134854	0.0614457831325	68.473
9.366506	0.134854	0.620481927711	18.489
9.366506	0.134854	0.849397590361	8.091
9.366506	0.134854	0.393975903614	23.702
9.366506	0.134854	0.461445783133	22.372
9.366506	0.134854	0.0	0
9.366506	0.134854	0.634939759036	17.792
9.366506	0.134854	0.984337349398	0.814
9.366506	0.134854	0.79156626506	9.117
9.366506	0.134854	0.806024096386	8.804
9.366506	0.134854	0.324096385542	28.689
9.366506	0.134854	0.721686746988	10.711
9.366506	0.134854	0.066265060241	68.456
9.366506	0.134854	0.066265060241	68.456
9.366506	0.134854	0.0253012048193	76.636
9.366506	0.134854	0.00602409638554	106.027
9.366506	0.134854	0.00602409638554	106.027
9.366506	0.134854	0.00602409638554	106.027
9.366506	0.134854	0.540963855422	19.3
9.366506	0.134854	0.80843373494	8.614
9.366506	0.134854	0.302409638554	29.571
9.366506	0.134854	0.302409638554	29.571
9.366506	0.134854	0.326506024096	24.358
9.366506	0.134854	0.695180722892	11.061
9.366506	0.134854	0.695180722892	11.061
9.366506	0.134854	0.309638554217	29.558
9.366506	0.134854	0.528915662651	20.074
9.366506	0.134854	0.114457831325	59.194
9.366506	0.134854	0.822891566265	8.418
9.366506	0.134854	0.630120481928	17.842
9.366506	0.134854	0.309638554217	29.558
9.366506	0.134854	0.668674698795	14.428
9.366506	0.135363	0.704819277108	11.025
9.366506	0.135363	0.801204819277	8.818
9.366506	0.135363	0.0614457831325	68.473
9.366506	0.135363	0.622891566265	18.489
9.366506	0.135363	0.851807228916	8.091
9.366506	0.135363	0.393975903614	23.702
9.366506	0.135363	0.461445783133	22.372
9.366506	0.135363	0.0	0
9.366506	0.135363	0.63734939759	17.792
9.366506	0.135363	0.996385542169	0.814
9.366506	0.135363	0.79156626506	9.117
9.366506	0.135363	0.806024096386	8.804
9.366506	0.135363	0.324096385542	28.689
9.366506	0.135363	0.724096385542	10.711
9.366506	0.135363	0.066265060241	68.456
9.366506	0.135363	0.066265060241	68.456
9.366506	0.135363	0.0253012048193	76.636
9.366506	0.135363	0.00602409638554	106.027
9.366506	0.135363	0.00602409638554	106.027
9.366506	0.135363	0.00602409638554	106.027
9.366506	0.135363	0.540963855422	19.3
9.366506	0.135363	0.80843373494	8.614
9.366506	0.135363	0.302409638554	29.571
9.366506	0.135363	0.302409638554	29.571
9.366506	0.135363	0.326506024096	24.358
9.366506	0.135363	0.697590361446	11.061
9.366506	0.135363	0.697590361446	11.061
9.366506	0.135363	0.309638554217	29.558
9.366506	0.135363	0.528915662651	20.074
9.366506	0.135363	0.114457831325	59.194
9.366506	0.135363	0.822891566265	8.418
9.366506	0.135363	0.632530120482	17.842
9.366506	0.135363	0.309638554217	29.558
9.366506	0.135363	0.671084337349	14.428
9.366506	0.133567	0.702409638554	11.025
9.366506	0.133567	0.801204819277	8.818
9.366506	0.133567	0.0614457831325	68.473
9.366506	0.133567	0.620481927711	18.489
9.366506	0.133567	0.849397590361	8.091
9.366506	0.133567	0.39156626506	23.702
9.366506	0.133567	0.459036144578	22.372
9.366506	0.133567	0.0	0
9.366506	0.133567	0.634939759036	17.792
9.366506	0.133567	0.984337349398	0.814
9.366506	0.133567	0.79156626506	9.117
9.366506	0.133567	0.806024096386	8.804
9.366506	0.133567	0.321686746988	28.689
9.366506	0.133567	0.721686746988	10.711
9.366506	0.133567	0.066265060241	68.456
9.366506	0.133567	0.066265060241	68.456
9.366506	0.133567	0.0253012048193	76.636
9.366506	0.133567	0.00602409638554	106.027
9.366506	0.133567	0.00602409638554	106.027
9.366506	0.133567	0.00602409638554	106.027
9.366506	0.133567	0.538554216867	19.3
9.366506	0.133567	0.80843373494	8.614
9.366506	0.133567	0.3	29.571
9.366506	0.133567	0.3	29.571
9.366506	0.133567	0.324096385542	24.358
9.366506	0.133567	0.695180722892	11.061
9.366506	0.133567	0.695180722892	11.061
9.366506	0.133567	0.307228915663	29.558
9.366506	0.133567	0.526506024096	20.074
9.366506	0.133567	0.114457831325	59.194
9.366506	0.133567	0.822891566265	8.418
9.366506	0.133567	0.630120481928	17.842
9.366506	0.133567	0.307228915663	29.558
9.366506	0.133567	0.668674698795	14.428
9.366506	0.135201	0.702409638554	11.025
9.366506	0.135201	0.801204819277	8.818
9.366506	0.135201	0.0614457831325	68.473
9.366506	0.135201	0.620481927711	18.489
9.366506	0.135201	0.851807228916	8.091
9.366506	0.135201	0.39156626506	23.702
9.366506	0.135201	0.459036144578	22.372
9.366506	0.135201	0.0	0
9.366506	0.135201	0.634939759036	17.792
9.366506	0.135201	0.996385542169	0.814
9.366506	0.135201	0.79156626506	9.117
9.366506	0.135201	0.806024096386	8.804
9.366506	0.135201	0.321686746988	28.689
9.366506	0.135201	0.721686746988	10.711
9.366506	0.135201	0.066265060241	68.456
9.366506	0.135201	0.066265060241	68.456
9.366506	0.135201	0.0253012048193	76.636
9.366506	0.135201	0.00843373493976	106.027
9.366506	0.135201	0.00843373493976	106.027
9.366506	0.135201	0.00843373493976	106.027
9.366506	0.135201	0.538554216867	19.3
9.366506	0.135201	0.80843373494	8.614
9.366506	0.135201	0.3	29.571
9.366506	0.135201	0.3	29.571
9.366506	0.135201	0.324096385542	24.358
9.366506	0.135201	0.695180722892	11.061
9.366506	0.135201	0.695180722892	11.061
9.366506	0.135201	0.307228915663	29.558
9.366506	0.135201	0.526506024096	20.074
9.366506	0.135201	0.114457831325	59.194
9.366506	0.135201	0.822891566265	8.418
9.366506	0.135201	0.630120481928	17.842
9.366506	0.135201	0.307228915663	29.558
9.366506	0.135201	0.668674698795	14.428
9.366506	0.136927	0.704819277108	11.025
9.366506	0.136927	0.801204819277	8.818
9.366506	0.136927	0.0614457831325	68.473
9.366506	0.136927	0.622891566265	18.489
9.366506	0.136927	0.849397590361	8.091
9.366506	0.136927	0.393975903614	23.702
9.366506	0.136927	0.461445783133	22.372
9.366506	0.136927	0.0	0
9.366506	0.136927	0.63734939759	17.792
9.366506	0.136927	0.984337349398	0.814
9.366506	0.136927	0.79156626506	9.117
9.366506	0.136927	0.806024096386	8.804
9.366506	0.136927	0.324096385542	28.689
9.366506	0.136927	0.724096385542	10.711
9.366506	0.136927	0.066265060241	68.456
9.366506	0.136927	0.066265060241	68.456
9.366506	0.136927	0.0253012048193	76.636
9.366506	0.136927	0.00602409638554	106.027
9.366506	0.136927	0.00602409638554	106.027
9.366506	0.136927	0.00602409638554	106.027
9.366506	0.136927	0.540963855422	19.3
9.366506	0.136927	0.80843373494	8.614
9.366506	0.136927	0.302409638554	29.571
9.366506	0.136927	0.302409638554	29.571
9.366506	0.136927	0.326506024096	24.358
9.366506	0.136927	0.697590361446	11.061
9.366506	0.136927	0.697590361446	11.061
9.366506	0.136927	0.309638554217	29.558
9.366506	0.136927	0.528915662651	20.074
9.366506	0.136927	0.114457831325	59.194
9.366506	0.136927	0.822891566265	8.418
9.366506	0.136927	0.632530120482	17.842
9.366506	0.136927	0.309638554217	29.558
9.366506	0.136927	0.671084337349	14.428
9.366506	0.135513	0.702409638554	11.025
9.366506	0.135513	0.801204819277	8.818
9.366506	0.135513	0.0614457831325	68.473
9.366506	0.135513	0.622891566265	18.489
9.366506	0.135513	0.996385542169	8.091
9.366506	0.135513	0.393975903614	23.702
9.366506	0.135513	0.461445783133	22.372
9.366506	0.135513	0.0	0
9.366506	0.135513	0.63734939759	17.792
9.366506	0.135513	0.986746987952	0.814
9.366506	0.135513	0.79156626506	9.117
9.366506	0.135513	0.806024096386	8.804
9.366506	0.135513	0.324096385542	28.689
9.366506	0.135513	0.721686746988	10.711
9.366506	0.135513	0.066265060241	68.456
9.366506	0.135513	0.066265060241	68.456
9.366506	0.135513	0.0253012048193	76.636
9.366506	0.135513	0.00602409638554	106.027
9.366506	0.135513	0.00602409638554	106.027
9.366506	0.135513	0.00602409638554	106.027
9.366506	0.135513	0.540963855422	19.3
9.366506	0.135513	0.80843373494	8.614
9.366506	0.135513	0.302409638554	29.571
9.366506	0.135513	0.302409638554	29.571
9.366506	0.135513	0.326506024096	24.358
9.366506	0.135513	0.695180722892	11.061
9.366506	0.135513	0.695180722892	11.061
9.366506	0.135513	0.309638554217	29.558
9.366506	0.135513	0.528915662651	20.074
9.366506	0.135513	0.114457831325	59.194
9.366506	0.135513	0.822891566265	8.418
9.366506	0.135513	0.632530120482	17.842
9.366506	0.135513	0.309638554217	29.558
9.366506	0.135513	0.671084337349	14.428
9.366506	0.135292	0.702409638554	11.025
9.366506	0.135292	0.801204819277	8.818
9.366506	0.135292	0.0614457831325	68.473
9.366506	0.135292	0.620481927711	18.489
9.366506	0.135292	0.849397590361	8.091
9.366506	0.135292	0.39156626506	23.702
9.366506	0.135292	0.459036144578	22.372
9.366506	0.135292	0.0	0
9.366506	0.135292	0.634939759036	17.792
9.366506	0.135292	0.984337349398	0.814
9.366506	0.135292	0.79156626506	9.117
9.366506	0.135292	0.806024096386	8.804
9.366506	0.135292	0.321686746988	28.689
9.366506	0.135292	0.721686746988	10.711
9.366506	0.135292	0.066265060241	68.456
9.366506	0.135292	0.066265060241	68.456
9.366506	0.135292	0.0253012048193	76.636
9.366506	0.135292	0.00602409638554	106.027
9.366506	0.135292	0.00602409638554	106.027
9.366506	0.135292	0.00602409638554	106.027
9.366506	0.135292	0.538554216867	19.3
9.366506	0.135292	0.80843373494	8.614
9.366506	0.135292	0.3	29.571
9.366506	0.135292	0.3	29.571
9.366506	0.135292	0.324096385542	24.358
9.366506	0.135292	0.695180722892	11.061
9.366506	0.135292	0.695180722892	11.061
9.366506	0.135292	0.307228915663	29.558
9.366506	0.135292	0.526506024096	20.074
9.366506	0.135292	0.114457831325	59.194
9.366506	0.135292	0.822891566265	8.418
9.366506	0.135292	0.630120481928	17.842
9.366506	0.135292	0.307228915663	29.558
9.366506	0.135292	0.668674698795	14.428
9.366506	0.140091	0.704819277108	11.025
9.366506	0.140091	0.801204819277	8.818
9.366506	0.140091	0.0614457831325	68.473
9.366506	0.140091	0.622891566265	18.489
9.366506	0.140091	0.849397590361	8.091
9.366506	0.140091	0.393975903614	23.702
9.366506	0.140091	0.461445783133	22.372
9.366506	0.140091	0.0	0
9.366506	0.140091	0.63734939759	17.792
9.366506	0.140091	0.984337349398	0.814
9.366506	0.140091	0.79156626506	9.117
9.366506	0.140091	0.806024096386	8.804
9.366506	0.140091	0.324096385542	28.689
9.366506	0.140091	0.724096385542	10.711
9.366506	0.140091	0.066265060241	68.456
9.366506	0.140091	0.066265060241	68.456
9.366506	0.140091	0.0253012048193	76.636
9.366506	0.140091	0.00602409638554	106.027
9.366506	0.140091	0.00602409638554	106.027
9.366506	0.140091	0.00602409638554	106.027
9.366506	0.140091	0.540963855422	19.3
9.366506	0.140091	0.998795180723	8.614
9.366506	0.140091	0.302409638554	29.571
9.366506	0.140091	0.302409638554	29.571
9.366506	0.140091	0.326506024096	24.358
9.366506	0.140091	0.697590361446	11.061
9.366506	0.140091	0.697590361446	11.061
9.366506	0.140091	0.309638554217	29.558
9.366506	0.140091	0.528915662651	20.074
9.366506	0.140091	0.114457831325	59.194
9.366506	0.140091	0.822891566265	8.418
9.366506	0.140091	0.632530120482	17.842
9.366506	0.140091	0.309638554217	29.558
9.366506	0.140091	0.671084337349	14.428
9.366506	0.136116	0.702409638554	11.025
9.366506	0.136116	0.801204819277	8.818
9.366506	0.136116	0.0614457831325	68.473
9.366506	0.136116	0.620481927711	18.489
9.366506	0.136116	0.849397590361	8.091
9.366506	0.136116	0.39156626506	23.702
9.366506	0.136116	0.459036144578	22.372
9.366506	0.136116	0.0	0
9.366506	0.136116	0.634939759036	17.792
9.366506	0.136116	0.984337349398	0.814
9.366506	0.136116	0.79156626506	9.117
9.366506	0.136116	0.806024096386	8.804
9.366506	0.136116	0.321686746988	28.689
9.366506	0.136116	0.721686746988	10.711
9.366506	0.136116	0.066265060241	68.456
9.366506	0.136116	0.066265060241	68.456
9.366506	0.136116	0.0253012048193	76.636
9.366506	0.136116	0.00602409638554	106.027
9.366506	0.136116	0.00602409638554	106.027
9.366506	0.136116	0.00602409638554	106.027
9.366506	0.136116	0.538554216867	19.3
9.366506	0.136116	0.80843373494	8.614
9.366506	0.136116	0.302409638554	29.571
9.366506	0.136116	0.302409638554	29.571
9.366506	0.136116	0.324096385542	24.358
9.366506	0.136116	0.695180722892	11.061
9.366506	0.136116	0.695180722892	11.061
9.366506	0.136116	0.309638554217	29.558
9.366506	0.136116	0.526506024096	20.074
9.366506	0.136116	0.114457831325	59.194
9.366506	0.136116	0.822891566265	8.418
9.366506	0.136116	0.630120481928	17.842
9.366506	0.136116	0.309638554217	29.558
9.366506	0.136116	0.668674698795	14.428
9.366506	0.134155	0.702409638554	11.025
9.366506	0.134155	0.801204819277	8.818
9.366506	0.134155	0.0614457831325	68.473
9.366506	0.134155	0.620481927711	18.489
9.366506	0.134155	0.849397590361	8.091
9.366506	0.134155	0.39156626506	23.702
9.366506	0.134155	0.459036144578	22.372
9.366506	0.134155	0.0	0
9.366506	0.134155	0.634939759036	17.792
9.366506	0.134155	0.984337349398	0.814
9.366506	0.134155	0.79156626506	9.117
9.366506	0.134155	0.806024096386	8.804
9.366506	0.134155	0.324096385542	28.689
9.366506	0.134155	0.721686746988	10.711
9.366506	0.134155	0.066265060241	68.456
9.366506	0.134155	0.066265060241	68.456
9.366506	0.134155	0.0253012048193	76.636
9.366506	0.134155	0.00602409638554	106.027
9.366506	0.134155	0.00602409638554	106.027
9.366506	0.134155	0.00602409638554	106.027
9.366506	0.134155	0.538554216867	19.3
9.366506	0.134155	0.80843373494	8.614
9.366506	0.134155	0.302409638554	29.571
9.366506	0.134155	0.302409638554	29.571
9.366506	0.134155	0.326506024096	24.358
9.366506	0.134155	0.695180722892	11.061
9.366506	0.134155	0.695180722892	11.061
9.366506	0.134155	0.309638554217	29.558
9.366506	0.134155	0.526506024096	20.074
9.366506	0.134155	0.114457831325	59.194
9.366506	0.134155	0.822891566265	8.418
9.366506	0.134155	0.630120481928	17.842
9.366506	0.134155	0.309638554217	29.558
9.366506	0.134155	0.668674698795	14.428
9.366506	0.135451	0.702409638554	11.025
9.366506	0.135451	0.801204819277	8.818
9.366506	0.135451	0.0614457831325	68.473
9.366506	0.135451	0.620481927711	18.489
9.366506	0.135451	0.849397590361	8.091
9.366506	0.135451	0.39156626506	23.702
9.366506	0.135451	0.459036144578	22.372
9.366506	0.135451	0.0	0
9.366506	0.135451	0.634939759036	17.792
9.366506	0.135451	0.984337349398	0.814
9.366506	0.135451	0.79156626506	9.117
9.366506	0.135451	0.806024096386	8.804
9.366506	0.135451	0.321686746988	28.689
9.366506	0.135451	0.721686746988	10.711
9.366506	0.135451	0.066265060241	68.456
9.366506	0.135451	0.066265060241	68.456
9.366506	0.135451	0.0253012048193	76.636
9.366506	0.135451	0.00602409638554	106.027
9.366506	0.135451	0.00602409638554	106.027
9.366506	0.135451	0.00602409638554	106.027
9.366506	0.135451	0.538554216867	19.3
9.366506	0.135451	0.80843373494	8.614
9.366506	0.135451	0.3	29.571
9.366506	0.135451	0.3	29.571
9.366506	0.135451	0.324096385542	24.358
9.366506	0.135451	0.695180722892	11.061
9.366506	0.135451	0.695180722892	11.061
9.366506	0.135451	0.307228915663	29.558
9.366506	0.135451	0.526506024096	20.074
9.366506	0.135451	0.114457831325	59.194
9.366506	0.135451	0.822891566265	8.418
9.366506	0.135451	0.630120481928	17.842
9.366506	0.135451	0.307228915663	29.558
9.366506	0.135451	0.668674698795	14.428
9.366506	0.13716	0.704819277108	11.025
9.366506	0.13716	0.801204819277	8.818
9.366506	0.13716	0.0614457831325	68.473
9.366506	0.13716	0.622891566265	18.489
9.366506	0.13716	0.849397590361	8.091
9.366506	0.13716	0.393975903614	23.702
9.366506	0.13716	0.461445783133	22.372
9.366506	0.13716	0.0	0
9.366506	0.13716	0.63734939759	17.792
9.366506	0.13716	0.984337349398	0.814
9.366506	0.13716	0.79156626506	9.117
9.366506	0.13716	0.806024096386	8.804
9.366506	0.13716	0.324096385542	28.689
9.366506	0.13716	0.724096385542	10.711
9.366506	0.13716	0.066265060241	68.456
9.366506	0.13716	0.066265060241	68.456
9.366506	0.13716	0.0253012048193	76.636
9.366506	0.13716	0.00602409638554	106.027
9.366506	0.13716	0.00602409638554	106.027
9.366506	0.13716	0.00602409638554	106.027
9.366506	0.13716	0.540963855422	19.3
9.366506	0.13716	0.80843373494	8.614
9.366506	0.13716	0.302409638554	29.571
9.366506	0.13716	0.302409638554	29.571
9.366506	0.13716	0.326506024096	24.358
9.366506	0.13716	0.697590361446	11.061
9.366506	0.13716	0.697590361446	11.061
9.366506	0.13716	0.309638554217	29.558
9.366506	0.13716	0.528915662651	20.074
9.366506	0.13716	0.114457831325	59.194
9.366506	0.13716	0.822891566265	8.418
9.366506	0.13716	0.632530120482	17.842
9.366506	0.13716	0.309638554217	29.558
9.366506	0.13716	0.671084337349	14.428
9.366506	0.134077	0.704819277108	11.025
9.366506	0.134077	0.803614457831	8.818
9.366506	0.134077	0.0614457831325	68.473
9.366506	0.134077	0.622891566265	18.489
9.366506	0.134077	0.85421686747	8.091
9.366506	0.134077	0.393975903614	23.702
9.366506	0.134077	0.461445783133	22.372
9.366506	0.134077	0.0	0
9.366506	0.134077	0.63734939759	17.792
9.366506	0.134077	0.996385542169	0.814
9.366506	0.134077	0.793975903614	9.117
9.366506	0.134077	0.80843373494	8.804
9.366506	0.134077	0.324096385542	28.689
9.366506	0.134077	0.724096385542	10.711
9.366506	0.134077	0.066265060241	68.456
9.366506	0.134077	0.066265060241	68.456
9.366506	0.134077	0.0253012048193	76.636
9.366506	0.134077	0.00602409638554	106.027
9.366506	0.134077	0.00602409638554	106.027
9.366506	0.134077	0.00602409638554	106.027
9.366506	0.134077	0.540963855422	19.3
9.366506	0.134077	0.810843373494	8.614
9.366506	0.134077	0.302409638554	29.571
9.366506	0.134077	0.302409638554	29.571
9.366506	0.134077	0.326506024096	24.358
9.366506	0.134077	0.697590361446	11.061
9.366506	0.134077	0.697590361446	11.061
9.366506	0.134077	0.309638554217	29.558
9.366506	0.134077	0.528915662651	20.074
9.366506	0.134077	0.114457831325	59.194
9.366506	0.134077	0.825301204819	8.418
9.366506	0.134077	0.632530120482	17.842
9.366506	0.134077	0.309638554217	29.558
9.366506	0.134077	0.671084337349	14.428
9.366506	0.135976	0.702409638554	11.025
9.366506	0.135976	0.801204819277	8.818
9.366506	0.135976	0.0614457831325	68.473
9.366506	0.135976	0.620481927711	18.489
9.366506	0.135976	0.849397590361	8.091
9.366506	0.135976	0.39156626506	23.702
9.366506	0.135976	0.459036144578	22.372
9.366506	0.135976	0.0	0
9.366506	0.135976	0.634939759036	17.792
9.366506	0.135976	0.984337349398	0.814
9.366506	0.135976	0.79156626506	9.117
9.366506	0.135976	0.806024096386	8.804
9.366506	0.135976	0.324096385542	28.689
9.366506	0.135976	0.721686746988	10.711
9.366506	0.135976	0.066265060241	68.456
9.366506	0.135976	0.066265060241	68.456
9.366506	0.135976	0.0253012048193	76.636
9.366506	0.135976	0.00602409638554	106.027
9.366506	0.135976	0.00602409638554	106.027
9.366506	0.135976	0.00602409638554	106.027
9.366506	0.135976	0.538554216867	19.3
9.366506	0.135976	0.80843373494	8.614
9.366506	0.135976	0.302409638554	29.571
9.366506	0.135976	0.302409638554	29.571
9.366506	0.135976	0.326506024096	24.358
9.366506	0.135976	0.695180722892	11.061
9.366506	0.135976	0.695180722892	11.061
9.366506	0.135976	0.309638554217	29.558
9.366506	0.135976	0.526506024096	20.074
9.366506	0.135976	0.114457831325	59.194
9.366506	0.135976	0.822891566265	8.418
9.366506	0.135976	0.630120481928	17.842
9.366506	0.135976	0.309638554217	29.558
9.366506	0.135976	0.668674698795	14.428
9.366506	0.133682	0.704819277108	11.025
9.366506	0.133682	0.803614457831	8.818
9.366506	0.133682	0.0614457831325	68.473
9.366506	0.133682	0.622891566265	18.489
9.366506	0.133682	0.851807228916	8.091
9.366506	0.133682	0.393975903614	23.702
9.366506	0.133682	0.461445783133	22.372
9.366506	0.133682	0.0	0
9.366506	0.133682	0.63734939759	17.792
9.366506	0.133682	0.984337349398	0.814
9.366506	0.133682	0.793975903614	9.117
9.366506	0.133682	0.80843373494	8.804
9.366506	0.133682	0.324096385542	28.689
9.366506	0.133682	0.724096385542	10.711
9.366506	0.133682	0.066265060241	68.456
9.366506	0.133682	0.066265060241	68.456
9.366506	0.133682	0.0253012048193	76.636
9.366506	0.133682	0.00602409638554	106.027
9.366506	0.133682	0.00602409638554	106.027
9.366506	0.133682	0.00602409638554	106.027
9.366506	0.133682	0.540963855422	19.3
9.366506	0.133682	0.810843373494	8.614
9.366506	0.133682	0.302409638554	29.571
9.366506	0.133682	0.302409638554	29.571
9.366506	0.133682	0.326506024096	24.358
9.366506	0.133682	0.697590361446	11.061
9.366506	0.133682	0.697590361446	11.061
9.366506	0.133682	0.309638554217	29.558
9.366506	0.133682	0.528915662651	20.074
9.366506	0.133682	0.114457831325	59.194
9.366506	0.133682	0.825301204819	8.418
9.366506	0.133682	0.632530120482	17.842
9.366506	0.133682	0.309638554217	29.558
9.366506	0.133682	0.671084337349	14.428
9.366506	0.13386	0.702409638554	11.025
9.366506	0.13386	0.801204819277	8.818
9.366506	0.13386	0.0614457831325	68.473
9.366506	0.13386	0.620481927711	18.489
9.366506	0.13386	0.849397590361	8.091
9.366506	0.13386	0.39156626506	23.702
9.366506	0.13386	0.459036144578	22.372
9.366506	0.13386	0.0	0
9.366506	0.13386	0.634939759036	17.792
9.366506	0.13386	0.984337349398	0.814
9.366506	0.13386	0.79156626506	9.117
9.366506	0.13386	0.806024096386	8.804
9.366506	0.13386	0.321686746988	28.689
9.366506	0.13386	0.721686746988	10.711
9.366506	0.13386	0.066265060241	68.456
9.366506	0.13386	0.066265060241	68.456
9.366506	0.13386	0.0253012048193	76.636
9.366506	0.13386	0.00602409638554	106.027
9.366506	0.13386	0.00602409638554	106.027
9.366506	0.13386	0.00602409638554	106.027
9.366506	0.13386	0.538554216867	19.3
9.366506	0.13386	0.80843373494	8.614
9.366506	0.13386	0.3	29.571
9.366506	0.13386	0.3	29.571
9.366506	0.13386	0.324096385542	24.358
9.366506	0.13386	0.695180722892	11.061
9.366506	0.13386	0.695180722892	11.061
9.366506	0.13386	0.307228915663	29.558
9.366506	0.13386	0.526506024096	20.074
9.366506	0.13386	0.114457831325	59.194
9.366506	0.13386	0.822891566265	8.418
9.366506	0.13386	0.630120481928	17.842
9.366506	0.13386	0.307228915663	29.558
9.366506	0.13386	0.668674698795	14.428
9.366506	0.135411	0.704819277108	11.025
9.366506	0.135411	0.803614457831	8.818
9.366506	0.135411	0.0614457831325	68.473
9.366506	0.135411	0.622891566265	18.489
9.366506	0.135411	0.851807228916	8.091
9.366506	0.135411	0.393975903614	23.702
9.366506	0.135411	0.461445783133	22.372
9.366506	0.135411	0.0	0
9.366506	0.135411	0.63734939759	17.792
9.366506	0.135411	0.984337349398	0.814
9.366506	0.135411	0.793975903614	9.117
9.366506	0.135411	0.80843373494	8.804
9.366506	0.135411	0.324096385542	28.689
9.366506	0.135411	0.724096385542	10.711
9.366506	0.135411	0.066265060241	68.456
9.366506	0.135411	0.066265060241	68.456
9.366506	0.135411	0.0253012048193	76.636
9.366506	0.135411	0.00602409638554	106.027
9.366506	0.135411	0.00602409638554	106.027
9.366506	0.135411	0.00602409638554	106.027
9.366506	0.135411	0.540963855422	19.3
9.366506	0.135411	0.810843373494	8.614
9.366506	0.135411	0.302409638554	29.571
9.366506	0.135411	0.302409638554	29.571
9.366506	0.135411	0.326506024096	24.358
9.366506	0.135411	0.697590361446	11.061
9.366506	0.135411	0.697590361446	11.061
9.366506	0.135411	0.309638554217	29.558
9.366506	0.135411	0.528915662651	20.074
9.366506	0.135411	0.114457831325	59.194
9.366506	0.135411	0.825301204819	8.418
9.366506	0.135411	0.632530120482	17.842
9.366506	0.135411	0.309638554217	29.558
9.366506	0.135411	0.671084337349	14.428
9.366506	0.136084	0.702409638554	11.025
9.366506	0.136084	0.801204819277	8.818
9.366506	0.136084	0.0614457831325	68.473
9.366506	0.136084	0.620481927711	18.489
9.366506	0.136084	0.849397590361	8.091
9.366506	0.136084	0.39156626506	23.702
9.366506	0.136084	0.459036144578	22.372
9.366506	0.136084	0.0	0
9.366506	0.136084	0.634939759036	17.792
9.366506	0.136084	0.984337349398	0.814
9.366506	0.136084	0.79156626506	9.117
9.366506	0.136084	0.806024096386	8.804
9.366506	0.136084	0.324096385542	28.689
9.366506	0.136084	0.721686746988	10.711
9.366506	0.136084	0.066265060241	68.456
9.366506	0.136084	0.066265060241	68.456
9.366506	0.136084	0.0253012048193	76.636
9.366506	0.136084	0.00602409638554	106.027
9.366506	0.136084	0.00602409638554	106.027
9.366506	0.136084	0.00602409638554	106.027
9.366506	0.136084	0.538554216867	19.3
9.366506	0.136084	0.80843373494	8.614
9.366506	0.136084	0.302409638554	29.571
9.366506	0.136084	0.302409638554	29.571
9.366506	0.136084	0.326506024096	24.358
9.366506	0.136084	0.695180722892	11.061
9.366506	0.136084	0.695180722892	11.061
9.366506	0.136084	0.309638554217	29.558
9.366506	0.136084	0.526506024096	20.074
9.366506	0.136084	0.114457831325	59.194
9.366506	0.136084	0.822891566265	8.418
9.366506	0.136084	0.630120481928	17.842
9.366506	0.136084	0.309638554217	29.558
9.366506	0.136084	0.668674698795	14.428
9.366506	0.13381	0.702409638554	11.025
9.366506	0.13381	0.801204819277	8.818
9.366506	0.13381	0.0614457831325	68.473
9.366506	0.13381	0.620481927711	18.489
9.366506	0.13381	0.851807228916	8.091
9.366506	0.13381	0.39156626506	23.702
9.366506	0.13381	0.459036144578	22.372
9.366506	0.13381	0.0	0
9.366506	0.13381	0.634939759036	17.792
9.366506	0.13381	0.996385542169	0.814
9.366506	0.13381	0.79156626506	9.117
9.366506	0.13381	0.806024096386	8.804
9.366506	0.13381	0.321686746988	28.689
9.366506	0.13381	0.721686746988	10.711
9.366506	0.13381	0.066265060241	68.456
9.366506	0.13381	0.066265060241	68.456
9.366506	0.13381	0.0253012048193	76.636
9.366506	0.13381	0.00602409638554	106.027
9.366506	0.13381	0.00602409638554	106.027
9.366506	0.13381	0.00602409638554	106.027
9.366506	0.13381	0.538554216867	19.3
9.366506	0.13381	0.80843373494	8.614
9.366506	0.13381	0.3	29.571
9.366506	0.13381	0.3	29.571
9.366506	0.13381	0.324096385542	24.358
9.366506	0.13381	0.695180722892	11.061
9.366506	0.13381	0.695180722892	11.061
9.366506	0.13381	0.307228915663	29.558
9.366506	0.13381	0.526506024096	20.074
9.366506	0.13381	0.112048192771	59.194
9.366506	0.13381	0.822891566265	8.418
9.366506	0.13381	0.630120481928	17.842
9.366506	0.13381	0.307228915663	29.558
9.366506	0.13381	0.668674698795	14.428
